wavelength,Reflectance
341,
342,
343,
344,
345,
346,
347,
348,
349,
350,0.962978039
351,0.963412651
352,0.96384712
353,0.964281245
354,0.964714823
355,0.965147652
356,0.96557953
357,0.966010254
358,0.966439623
359,0.966867433
360,0.967293483
361,0.967717569
362,0.968139489
363,0.968559039
364,0.968976017
365,0.96939022
366,0.969801444
367,0.970209486
368,0.970614143
369,0.971015212
370,0.971412488
371,0.971805768
372,0.972194848
373,0.972579525
374,0.972959595
375,0.973334853
376,0.973705096
377,0.97407012
378,0.97442972
379,0.974783693
380,0.975131833
381,0.975473937
382,0.975809801
383,0.976139219
384,0.976461988
385,0.976777902
386,0.977086758
387,0.97738835
388,0.977682475
389,0.977968927
390,0.978247502
391,0.978517995
392,0.978780201
393,0.979033916
394,0.979278935
395,0.979515053
396,0.979742065
397,0.979959768
398,0.980167956
399,0.980366424
400,0.980554969
401,0.98073346
402,0.980902074
403,0.981061059
404,0.981210666
405,0.981351146
406,0.981482749
407,0.981605727
408,0.981720329
409,0.981826808
410,0.981925413
411,0.982016396
412,0.982100009
413,0.982176503
414,0.982246128
415,0.982309137
416,0.982365781
417,0.982416311
418,0.982460979
419,0.982500038
420,0.982533737
421,0.98256233
422,0.982586068
423,0.982605202
424,0.982619985
425,0.982630668
426,0.982637504
427,0.982640744
428,0.98264064
429,0.982637444
430,0.982631408
431,0.982622785
432,0.982611825
433,0.982598781
434,0.982583905
435,0.982567449
436,0.982549665
437,0.982530804
438,0.98251112
439,0.982490863
440,0.982470287
441,0.982449642
442,0.982429181
443,0.982409156
444,0.982389819
445,0.982371421
446,0.982354216
447,0.982338454
448,0.982324388
449,0.982312271
450,0.982302353
451,0.982294832
452,0.982289685
453,0.982286834
454,0.982286201
455,0.982287709
456,0.982291279
457,0.982296834
458,0.982304295
459,0.982313585
460,0.982324626
461,0.98233734
462,0.982351649
463,0.982367475
464,0.982384741
465,0.982403368
466,0.982423278
467,0.982444395
468,0.982466639
469,0.982489933
470,0.982514198
471,0.982539358
472,0.982565334
473,0.982592048
474,0.982619422
475,0.982647379
476,0.98267584
477,0.982704728
478,0.982733964
479,0.982763471
480,0.98279317
481,0.982822984
482,0.982852835
483,0.982882644
484,0.982912335
485,0.982941828
486,0.982971046
487,0.982999911
488,0.983028344
489,0.983056269
490,0.983083606
491,0.983110278
492,0.983136207
493,0.983161315
494,0.983185524
495,0.983208756
496,0.983230932
497,0.983251976
498,0.983271808
499,0.983290351
500,0.983307526
501,0.983323277
502,0.983337625
503,0.983350614
504,0.983362287
505,0.983372686
506,0.983381856
507,0.983389838
508,0.983396675
509,0.983402412
510,0.98340709
511,0.983410753
512,0.983413444
513,0.983415205
514,0.983416081
515,0.983416113
516,0.983415346
517,0.983413821
518,0.983411582
519,0.983408672
520,0.983405134
521,0.983401011
522,0.983396347
523,0.983391183
524,0.983385563
525,0.983379531
526,0.983373129
527,0.9833664
528,0.983359387
529,0.983352133
530,0.983344682
531,0.983337076
532,0.983329358
533,0.983321572
534,0.98331376
535,0.983305965
536,0.983298231
537,0.983290601
538,0.983283116
539,0.983275822
540,0.983268759
541,0.983261972
542,0.983255504
543,0.983249397
544,0.983243695
545,0.983238441
546,0.983233676
547,0.983229446
548,0.983225792
549,0.983222758
550,0.983220386
551,0.983218708
552,0.983217712
553,0.983217373
554,0.983217666
555,0.983218567
556,0.983220051
557,0.983222094
558,0.983224673
559,0.983227761
560,0.983231335
561,0.983235371
562,0.983239843
563,0.983244729
564,0.983250002
565,0.983255639
566,0.983261616
567,0.983267907
568,0.983274489
569,0.983281337
570,0.983288427
571,0.983295734
572,0.983303234
573,0.983310902
574,0.983318715
575,0.983326647
576,0.983334674
577,0.983342772
578,0.983350916
579,0.983359083
580,0.983367247
581,0.983375384
582,0.98338347
583,0.98339148
584,0.983399391
585,0.983407176
586,0.983414813
587,0.983422277
588,0.983429543
589,0.983436587
590,0.983443384
591,0.983449911
592,0.983456142
593,0.983462053
594,0.98346762
595,0.983472819
596,0.983477625
597,0.983482013
598,0.98348596
599,0.98348944
600,0.98349243
601,0.983494911
602,0.983496889
603,0.983498373
604,0.983499376
605,0.98349991
606,0.983499984
607,0.98349961
608,0.9834988
609,0.983497565
610,0.983495915
611,0.983493863
612,0.983491418
613,0.983488594
614,0.9834854
615,0.983481847
616,0.983477948
617,0.983473714
618,0.983469154
619,0.983464282
620,0.983459107
621,0.983453641
622,0.983447896
623,0.983441882
624,0.983435611
625,0.983429094
626,0.983422341
627,0.983415365
628,0.983408177
629,0.983400787
630,0.983393208
631,0.983385449
632,0.983377523
633,0.98336944
634,0.983361211
635,0.983352849
636,0.983344364
637,0.983335767
638,0.98332707
639,0.983318283
640,0.983309418
641,0.983300486
642,0.983291499
643,0.983282467
644,0.983273401
645,0.983264314
646,0.983255215
647,0.983246117
648,0.98323703
649,0.983227966
650,0.983218936
651,0.98320995
652,0.98320101
653,0.98319212
654,0.983183281
655,0.983174496
656,0.983165767
657,0.983157095
658,0.983148484
659,0.983139935
660,0.98313145
661,0.983123032
662,0.983114682
663,0.983106403
664,0.983098197
665,0.983090065
666,0.983082011
667,0.983074037
668,0.983066143
669,0.983058334
670,0.98305061
671,0.983042974
672,0.983035428
673,0.983027974
674,0.983020614
675,0.983013351
676,0.983006187
677,0.982999123
678,0.982992162
679,0.982985306
680,0.982978557
681,0.982971918
682,0.982965389
683,0.982958975
684,0.982952676
685,0.982946495
686,0.982940434
687,0.982934495
688,0.98292868
689,0.982922992
690,0.982917433
691,0.982912004
692,0.982906707
693,0.982901546
694,0.982896522
695,0.982891637
696,0.982886894
697,0.982882294
698,0.98287784
699,0.982873534
700,0.982869377
701,0.98286537
702,0.982861502
703,0.982857757
704,0.982854124
705,0.982850587
706,0.982847132
707,0.982843747
708,0.982840417
709,0.982837128
710,0.982833867
711,0.982830619
712,0.982827371
713,0.982824108
714,0.982820818
715,0.982817486
716,0.982814098
717,0.982810641
718,0.9828071
719,0.982803462
720,0.982799713
721,0.982795839
722,0.982791826
723,0.982787661
724,0.982783328
725,0.982778816
726,0.982774109
727,0.982769195
728,0.982764058
729,0.982758685
730,0.982753063
731,0.982747178
732,0.982741015
733,0.982734561
734,0.982727801
735,0.982720723
736,0.982713313
737,0.982705555
738,0.982697437
739,0.982688945
740,0.982680065
741,0.982670782
742,0.982661084
743,0.982650956
744,0.982640384
745,0.982629355
746,0.982617855
747,0.98260587
748,0.982593385
749,0.982580388
750,0.982566864
751,0.982552806
752,0.982538229
753,0.982523155
754,0.982507607
755,0.982491607
756,0.982475176
757,0.982458336
758,0.98244111
759,0.982423519
760,0.982405586
761,0.982387332
762,0.98236878
763,0.982349951
764,0.982330868
765,0.982311552
766,0.982292026
767,0.982272311
768,0.98225243
769,0.982232404
770,0.982212256
771,0.982192007
772,0.98217168
773,0.982151296
774,0.982130878
775,0.982110447
776,0.982090026
777,0.982069637
778,0.9820493
779,0.98202904
780,0.982008876
781,0.981988833
782,0.981968931
783,0.981949192
784,0.981929639
785,0.981910293
786,0.981891177
787,0.981872312
788,0.981853721
789,0.981835426
790,0.981817448
791,0.981799809
792,0.981782532
793,0.981765638
794,0.98174915
795,0.98173309
796,0.981717479
797,0.981702339
798,0.981687693
799,0.981673563
800,0.98165997
801,0.981646934
802,0.981634466
803,0.981622574
804,0.981611267
805,0.981600552
806,0.981590438
807,0.981580934
808,0.981572048
809,0.981563787
810,0.98155616
811,0.981549177
812,0.981542844
813,0.98153717
814,0.981532164
815,0.981527833
816,0.981524187
817,0.981521233
818,0.98151898
819,0.981517436
820,0.981516609
821,0.981516508
822,0.98151714
823,0.981518515
824,0.981520641
825,0.981523525
826,0.981527177
827,0.981531604
828,0.981536815
829,0.981542818
830,0.981549622
831,0.981557234
832,0.981565663
833,0.981574918
834,0.981585006
835,0.981595936
836,0.981607717
837,0.981620356
838,0.981633862
839,0.981648243
840,0.981663507
841,0.981679664
842,0.98169672
843,0.981714685
844,0.981733567
845,0.981753374
846,0.981774114
847,0.981795796
848,0.981818427
849,0.981842017
850,0.981866574
851,0.981892097
852,0.981918548
853,0.981945882
854,0.981974053
855,0.982003015
856,0.982032722
857,0.982063128
858,0.982094187
859,0.982125852
860,0.982158079
861,0.98219082
862,0.982224031
863,0.982257664
864,0.982291674
865,0.982326015
866,0.98236064
867,0.982395505
868,0.982430562
869,0.982465767
870,0.982501072
871,0.982536431
872,0.9825718
873,0.982607132
874,0.98264238
875,0.982677499
876,0.982712443
877,0.982747165
878,0.982781621
879,0.982815763
880,0.982849546
881,0.982882923
882,0.982915849
883,0.982948278
884,0.982980164
885,0.98301146
886,0.983042121
887,0.9830721
888,0.983101353
889,0.983129831
890,0.983157491
891,0.983184285
892,0.983210167
893,0.983235093
894,0.983259014
895,0.983281887
896,0.983303664
897,0.983324299
898,0.983343747
899,0.983361961
900,0.983378896
901,0.983394521
902,0.983408862
903,0.983421964
904,0.983433868
905,0.983444618
906,0.983454256
907,0.983462825
908,0.983470367
909,0.983476926
910,0.983482544
911,0.983487263
912,0.983491127
913,0.983494179
914,0.98349646
915,0.983498014
916,0.983498884
917,0.983499112
918,0.98349874
919,0.983497812
920,0.983496371
921,0.983494459
922,0.983492118
923,0.983489392
924,0.983486324
925,0.983482955
926,0.983479329
927,0.983475489
928,0.983471476
929,0.983467335
930,0.983463107
931,0.983458835
932,0.983454562
933,0.983450331
934,0.983446185
935,0.983442166
936,0.983438316
937,0.983434679
938,0.983431298
939,0.983428214
940,0.983425471
941,0.983423111
942,0.983421178
943,0.983419714
944,0.983418761
945,0.983418362
946,0.98341856
947,0.983419398
948,0.983420918
949,0.983423164
950,0.983426177
951,0.98342999
952,0.983434594
953,0.983439969
954,0.983446094
955,0.983452949
956,0.983460516
957,0.983468773
958,0.9834777
959,0.983487278
960,0.983497487
961,0.983508307
962,0.983519718
963,0.983531699
964,0.983544231
965,0.983557294
966,0.983570868
967,0.983584932
968,0.983599468
969,0.983614454
970,0.983629871
971,0.9836457
972,0.983661919
973,0.983678509
974,0.98369545
975,0.983712722
976,0.983730306
977,0.98374818
978,0.983766326
979,0.983784722
980,0.98380335
981,0.983822189
982,0.983841219
983,0.983860421
984,0.983879773
985,0.983899257
986,0.983918852
987,0.983938538
988,0.983958296
989,0.983978105
990,0.983997945
991,0.984017797
992,0.98403764
993,0.984057454
994,0.98407722
995,0.984096917
996,0.984116525
997,0.984136025
998,0.984155397
999,0.98417462
1000,0.984193674
1001,0.984212542
1002,0.984231217
1003,0.984249693
1004,0.984267965
1005,0.984286028
1006,0.984303878
1007,0.984321508
1008,0.984338914
1009,0.984356091
1010,0.984373033
1011,0.984389736
1012,0.984406194
1013,0.984422403
1014,0.984438357
1015,0.984454051
1016,0.98446948
1017,0.984484639
1018,0.984499524
1019,0.984514127
1020,0.984528446
1021,0.984542474
1022,0.984556207
1023,0.984569639
1024,0.984582766
1025,0.984595582
1026,0.984608082
1027,0.984620261
1028,0.984632114
1029,0.984643637
1030,0.984654823
1031,0.984665667
1032,0.984676166
1033,0.984686313
1034,0.984696103
1035,0.984705532
1036,0.984714594
1037,0.984723285
1038,0.984731598
1039,0.98473953
1040,0.984747075
1041,0.984754227
1042,0.984760983
1043,0.984767336
1044,0.984773282
1045,0.984778815
1046,0.984783931
1047,0.984788624
1048,0.984792889
1049,0.984796722
1050,0.984800117
1051,0.984803072
1052,0.984805596
1053,0.984807702
1054,0.984809403
1055,0.984810711
1056,0.984811638
1057,0.984812198
1058,0.984812401
1059,0.984812262
1060,0.984811792
1061,0.984811003
1062,0.984809909
1063,0.984808522
1064,0.984806854
1065,0.984804918
1066,0.984802726
1067,0.984800291
1068,0.984797625
1069,0.984794741
1070,0.98479165
1071,0.984788367
1072,0.984784902
1073,0.984781269
1074,0.98477748
1075,0.984773548
1076,0.984769484
1077,0.984765302
1078,0.984761014
1079,0.984756632
1080,0.984752169
1081,0.984747638
1082,0.98474305
1083,0.984738419
1084,0.984733756
1085,0.984729075
1086,0.984724387
1087,0.984719706
1088,0.984715043
1089,0.984710412
1090,0.984705824
1091,0.984701292
1092,0.984696829
1093,0.984692446
1094,0.984688158
1095,0.984683975
1096,0.984679911
1097,0.984675977
1098,0.984672188
1099,0.984668554
1100,0.984665088
1101,0.984661798
1102,0.984658669
1103,0.984655683
1104,0.984652819
1105,0.984650059
1106,0.984647383
1107,0.984644772
1108,0.984642206
1109,0.984639666
1110,0.984637133
1111,0.984634588
1112,0.98463201
1113,0.984629381
1114,0.984626682
1115,0.984623892
1116,0.984620994
1117,0.984617966
1118,0.984614791
1119,0.984611448
1120,0.984607919
1121,0.984604183
1122,0.984600223
1123,0.984596017
1124,0.984591548
1125,0.984586795
1126,0.984581739
1127,0.984576361
1128,0.984570642
1129,0.984564562
1130,0.984558102
1131,0.984551243
1132,0.984543965
1133,0.984536249
1134,0.984528075
1135,0.984519424
1136,0.984510278
1137,0.984500615
1138,0.984490418
1139,0.984479667
1140,0.984468343
1141,0.984456425
1142,0.984443896
1143,0.984430735
1144,0.984416923
1145,0.984402441
1146,0.98438727
1147,0.984371389
1148,0.984354781
1149,0.984337425
1150,0.984319302
1151,0.984300403
1152,0.984280754
1153,0.984260394
1154,0.984239358
1155,0.984217685
1156,0.98419541
1157,0.984172571
1158,0.984149206
1159,0.984125351
1160,0.984101043
1161,0.984076319
1162,0.984051216
1163,0.984025771
1164,0.984000022
1165,0.983974004
1166,0.983947756
1167,0.983921315
1168,0.983894716
1169,0.983867998
1170,0.983841198
1171,0.983814351
1172,0.983787496
1173,0.983760669
1174,0.983733908
1175,0.983707249
1176,0.983680729
1177,0.983654386
1178,0.983628256
1179,0.983602376
1180,0.983576784
1181,0.983551516
1182,0.98352661
1183,0.983502101
1184,0.983478028
1185,0.983454428
1186,0.983431336
1187,0.983408791
1188,0.98338683
1189,0.983365488
1190,0.983344804
1191,0.983324814
1192,0.983305555
1193,0.983287065
1194,0.98326938
1195,0.983252536
1196,0.983236573
1197,0.983221525
1198,0.98320743
1199,0.983194326
1200,0.983182249
1201,0.983171223
1202,0.983161221
1203,0.983152203
1204,0.98314413
1205,0.983136961
1206,0.983130656
1207,0.983125176
1208,0.98312048
1209,0.983116529
1210,0.983113283
1211,0.983110701
1212,0.983108744
1213,0.983107372
1214,0.983106544
1215,0.983106222
1216,0.983106364
1217,0.983106931
1218,0.983107884
1219,0.983109182
1220,0.983110785
1221,0.983112653
1222,0.983114746
1223,0.983117025
1224,0.98311945
1225,0.98312198
1226,0.983124575
1227,0.983127196
1228,0.983129803
1229,0.983132356
1230,0.983134814
1231,0.983137138
1232,0.983139289
1233,0.983141225
1234,0.983142907
1235,0.983144295
1236,0.983145349
1237,0.98314603
1238,0.983146297
1239,0.98314611
1240,0.983145429
1241,0.983144215
1242,0.983142428
1243,0.983140027
1244,0.983136972
1245,0.983133224
1246,0.983128743
1247,0.983123488
1248,0.983117421
1249,0.9831105
1250,0.983102686
1251,0.98309395
1252,0.983084309
1253,0.983073791
1254,0.983062422
1255,0.983050231
1256,0.983037246
1257,0.983023494
1258,0.983009002
1259,0.982993799
1260,0.982977913
1261,0.98296137
1262,0.982944199
1263,0.982926427
1264,0.982908082
1265,0.982889191
1266,0.982869783
1267,0.982849885
1268,0.982829525
1269,0.98280873
1270,0.982787529
1271,0.982765948
1272,0.982744015
1273,0.982721759
1274,0.982699207
1275,0.982676386
1276,0.982653325
1277,0.98263005
1278,0.98260659
1279,0.982582973
1280,0.982559225
1281,0.982535375
1282,0.98251145
1283,0.982487478
1284,0.982463487
1285,0.982439505
1286,0.982415558
1287,0.982391675
1288,0.982367884
1289,0.982344211
1290,0.982320685
1291,0.982297334
1292,0.982274185
1293,0.982251265
1294,0.982228603
1295,0.982206226
1296,0.982184162
1297,0.982162438
1298,0.982141082
1299,0.982120122
1300,0.982099586
1301,0.982079493
1302,0.982059835
1303,0.982040596
1304,0.982021761
1305,0.982003312
1306,0.981985234
1307,0.981967511
1308,0.981950127
1309,0.981933067
1310,0.981916313
1311,0.981899849
1312,0.981883661
1313,0.981867732
1314,0.981852045
1315,0.981836586
1316,0.981821337
1317,0.981806283
1318,0.981791408
1319,0.981776696
1320,0.98176213
1321,0.981747696
1322,0.981733376
1323,0.981719155
1324,0.981705016
1325,0.981690945
1326,0.981676924
1327,0.981662938
1328,0.981648971
1329,0.981635006
1330,0.981621029
1331,0.981607022
1332,0.981592969
1333,0.981578856
1334,0.981564665
1335,0.981550381
1336,0.981535988
1337,0.981521469
1338,0.981506809
1339,0.981491992
1340,0.981477002
1341,0.981461822
1342,0.981446437
1343,0.981430831
1344,0.981414987
1345,0.98139889
1346,0.981382524
1347,0.981365873
1348,0.981348921
1349,0.981331651
1350,0.981314048
1351,0.981296103
1352,0.981277839
1353,0.981259286
1354,0.981240474
1355,0.981221432
1356,0.981202191
1357,0.98118278
1358,0.98116323
1359,0.98114357
1360,0.981123831
1361,0.981104042
1362,0.981084233
1363,0.981064435
1364,0.981044677
1365,0.981024989
1366,0.981005402
1367,0.980985944
1368,0.980966647
1369,0.980947539
1370,0.980928652
1371,0.980910014
1372,0.980891657
1373,0.980873609
1374,0.980855901
1375,0.980838562
1376,0.980821624
1377,0.980805114
1378,0.980789065
1379,0.980773505
1380,0.980758464
1381,0.980743972
1382,0.98073006
1383,0.980716757
1384,0.980704093
1385,0.980692099
1386,0.980680803
1387,0.980670236
1388,0.980660428
1389,0.980651409
1390,0.980643209
1391,0.980635857
1392,0.980629385
1393,0.98062382
1394,0.980619194
1395,0.980615537
1396,0.980612878
1397,0.980611247
1398,0.980610675
1399,0.980611191
1400,0.980612825
1401,0.980615595
1402,0.980619477
1403,0.980624431
1404,0.98063042
1405,0.980637406
1406,0.980645353
1407,0.980654221
1408,0.980663974
1409,0.980674573
1410,0.980685982
1411,0.980698162
1412,0.980711076
1413,0.980724686
1414,0.980738954
1415,0.980753844
1416,0.980769316
1417,0.980785334
1418,0.98080186
1419,0.980818855
1420,0.980836284
1421,0.980854107
1422,0.980872287
1423,0.980890787
1424,0.980909568
1425,0.980928594
1426,0.980947826
1427,0.980967227
1428,0.980986759
1429,0.981006384
1430,0.981026066
1431,0.981045765
1432,0.981065445
1433,0.981085068
1434,0.981104596
1435,0.981123991
1436,0.981143216
1437,0.981162233
1438,0.981181004
1439,0.981199492
1440,0.981217659
1441,0.981235468
1442,0.98125288
1443,0.981269858
1444,0.981286364
1445,0.981302361
1446,0.981317811
1447,0.981332677
1448,0.981346919
1449,0.981360502
1450,0.981373387
1451,0.981385545
1452,0.981396985
1453,0.981407723
1454,0.981417778
1455,0.981427165
1456,0.981435903
1457,0.981444007
1458,0.981451496
1459,0.981458386
1460,0.981464695
1461,0.98147044
1462,0.981475637
1463,0.981480304
1464,0.981484458
1465,0.981488116
1466,0.981491295
1467,0.981494013
1468,0.981496286
1469,0.981498132
1470,0.981499567
1471,0.981500609
1472,0.981501275
1473,0.981501582
1474,0.981501548
1475,0.981501188
1476,0.981500521
1477,0.981499564
1478,0.981498333
1479,0.981496846
1480,0.98149512
1481,0.981493172
1482,0.981491019
1483,0.981488679
1484,0.981486168
1485,0.981483503
1486,0.981480702
1487,0.981477781
1488,0.981474759
1489,0.981471651
1490,0.981468476
1491,0.98146525
1492,0.98146199
1493,0.981458714
1494,0.981455438
1495,0.98145218
1496,0.981448956
1497,0.981445785
1498,0.981442683
1499,0.981439667
1500,0.981436754
1501,0.981433959
1502,0.981431281
1503,0.981428717
1504,0.981426266
1505,0.981423924
1506,0.981421688
1507,0.981419555
1508,0.981417524
1509,0.981415589
1510,0.98141375
1511,0.981412003
1512,0.981410345
1513,0.981408774
1514,0.981407286
1515,0.981405879
1516,0.98140455
1517,0.981403297
1518,0.981402115
1519,0.981401003
1520,0.981399957
1521,0.981398976
1522,0.981398055
1523,0.981397192
1524,0.981396385
1525,0.98139563
1526,0.981394925
1527,0.981394266
1528,0.981393652
1529,0.981393079
1530,0.981392544
1531,0.981392044
1532,0.981391578
1533,0.981391141
1534,0.981390731
1535,0.981390345
1536,0.98138998
1537,0.981389634
1538,0.981389304
1539,0.981388986
1540,0.981388679
1541,0.981388378
1542,0.981388082
1543,0.981387788
1544,0.981387492
1545,0.981387192
1546,0.981386885
1547,0.981386569
1548,0.981386239
1549,0.981385894
1550,0.981385531
1551,0.981385146
1552,0.98138473
1553,0.981384274
1554,0.981383769
1555,0.981383205
1556,0.981382573
1557,0.981381863
1558,0.981381066
1559,0.981380173
1560,0.981379174
1561,0.98137806
1562,0.981376821
1563,0.981375448
1564,0.981373932
1565,0.981372263
1566,0.981370432
1567,0.981368429
1568,0.981366245
1569,0.981363871
1570,0.981361296
1571,0.981358513
1572,0.981355511
1573,0.98135228
1574,0.981348813
1575,0.981345098
1576,0.981341127
1577,0.981336891
1578,0.981332379
1579,0.981327583
1580,0.981322493
1581,0.981317099
1582,0.981311393
1583,0.981305365
1584,0.981299005
1585,0.981292305
1586,0.981285254
1587,0.981277843
1588,0.981270063
1589,0.981261905
1590,0.981253358
1591,0.981244415
1592,0.981235064
1593,0.981225298
1594,0.981215105
1595,0.981204478
1596,0.981193407
1597,0.981181881
1598,0.981169893
1599,0.981157432
1600,0.981144489
1601,0.981131056
1602,0.981117134
1603,0.981102725
1604,0.981087831
1605,0.981072454
1606,0.981056596
1607,0.98104026
1608,0.981023447
1609,0.98100616
1610,0.980988401
1611,0.980970171
1612,0.980951474
1613,0.980932311
1614,0.980912684
1615,0.980892596
1616,0.980872048
1617,0.980851043
1618,0.980829583
1619,0.98080767
1620,0.980785307
1621,0.980762494
1622,0.980739235
1623,0.980715532
1624,0.980691386
1625,0.9806668
1626,0.980641776
1627,0.980616317
1628,0.980590423
1629,0.980564098
1630,0.980537344
1631,0.980510162
1632,0.980482555
1633,0.980454525
1634,0.980426075
1635,0.980397205
1636,0.980367919
1637,0.980338219
1638,0.980308106
1639,0.980277583
1640,0.980246653
1641,0.980215316
1642,0.980183576
1643,0.980151434
1644,0.980118893
1645,0.980085955
1646,0.980052621
1647,0.980018895
1648,0.979984778
1649,0.979950272
1650,0.97991538
1651,0.979880108
1652,0.979844479
1653,0.97980852
1654,0.97977226
1655,0.979735726
1656,0.979698945
1657,0.979661945
1658,0.979624753
1659,0.979587396
1660,0.979549903
1661,0.979512301
1662,0.979474617
1663,0.979436879
1664,0.979399114
1665,0.979361349
1666,0.979323613
1667,0.979285933
1668,0.979248336
1669,0.97921085
1670,0.979173502
1671,0.97913632
1672,0.979099331
1673,0.979062563
1674,0.979026043
1675,0.978989799
1676,0.978953858
1677,0.978918247
1678,0.978882995
1679,0.978848129
1680,0.978813676
1681,0.978779664
1682,0.97874612
1683,0.978713071
1684,0.978680546
1685,0.978648571
1686,0.978617175
1687,0.978586384
1688,0.978556226
1689,0.978526729
1690,0.978497921
1691,0.978469827
1692,0.978442477
1693,0.978415898
1694,0.978390116
1695,0.97836516
1696,0.978341057
1697,0.978317835
1698,0.978295521
1699,0.978274142
1700,0.978253726
1701,0.978234294
1702,0.978215841
1703,0.978198356
1704,0.978181828
1705,0.978166244
1706,0.978151594
1707,0.978137865
1708,0.978125048
1709,0.97811313
1710,0.978102099
1711,0.978091946
1712,0.978082657
1713,0.978074222
1714,0.97806663
1715,0.978059868
1716,0.978053926
1717,0.978048792
1718,0.978044455
1719,0.978040904
1720,0.978038126
1721,0.978036111
1722,0.978034847
1723,0.978034323
1724,0.978034528
1725,0.978035449
1726,0.978037076
1727,0.978039397
1728,0.978042401
1729,0.978046077
1730,0.978050413
1731,0.978055397
1732,0.978061019
1733,0.978067266
1734,0.978074128
1735,0.978081593
1736,0.97808965
1737,0.978098288
1738,0.978107494
1739,0.978117257
1740,0.978127567
1741,0.978138412
1742,0.97814978
1743,0.97816166
1744,0.97817404
1745,0.97818691
1746,0.978200257
1747,0.978214071
1748,0.97822834
1749,0.978243052
1750,0.978258197
1751,0.978273751
1752,0.978289647
1753,0.978305805
1754,0.978322147
1755,0.978338592
1756,0.978355063
1757,0.978371479
1758,0.978387762
1759,0.978403832
1760,0.97841961
1761,0.978435017
1762,0.978449974
1763,0.978464402
1764,0.97847822
1765,0.978491352
1766,0.978503716
1767,0.978515234
1768,0.978525826
1769,0.978535414
1770,0.978543918
1771,0.97855126
1772,0.978557359
1773,0.978562137
1774,0.978565514
1775,0.978567412
1776,0.978567751
1777,0.978566452
1778,0.978563436
1779,0.978558623
1780,0.978551935
1781,0.978543292
1782,0.978532615
1783,0.978519825
1784,0.978504842
1785,0.978487588
1786,0.978467984
1787,0.97844595
1788,0.978421406
1789,0.978394275
1790,0.978364476
1791,0.97833193
1792,0.978296559
1793,0.978258283
1794,0.978217023
1795,0.9781727
1796,0.978125235
1797,0.978074548
1798,0.97802056
1799,0.977963193
1800,0.977902366
1801,0.977838037
1802,0.977770303
1803,0.977699296
1804,0.977625149
1805,0.977547995
1806,0.977467967
1807,0.977385197
1808,0.977299819
1809,0.977211965
1810,0.977121767
1811,0.97702936
1812,0.976934874
1813,0.976838444
1814,0.976740202
1815,0.97664028
1816,0.976538811
1817,0.976435929
1818,0.976331766
1819,0.976226454
1820,0.976120126
1821,0.976012916
1822,0.975904955
1823,0.975796377
1824,0.975687314
1825,0.975577899
1826,0.975468265
1827,0.975358544
1828,0.975248869
1829,0.975139373
1830,0.975030188
1831,0.974921448
1832,0.974813284
1833,0.97470583
1834,0.974599218
1835,0.974493581
1836,0.974389051
1837,0.974285762
1838,0.974183846
1839,0.974083435
1840,0.973984663
1841,0.973887662
1842,0.973792564
1843,0.973699502
1844,0.97360861
1845,0.973520019
1846,0.973433863
1847,0.973350273
1848,0.973269383
1849,0.973191326
1850,0.973116234
1851,0.973044204
1852,0.9729752
1853,0.972909146
1854,0.972845969
1855,0.972785596
1856,0.972727954
1857,0.972672969
1858,0.972620567
1859,0.972570675
1860,0.972523221
1861,0.972478129
1862,0.972435328
1863,0.972394743
1864,0.972356301
1865,0.972319929
1866,0.972285553
1867,0.972253099
1868,0.972222496
1869,0.972193668
1870,0.972166542
1871,0.972141046
1872,0.972117106
1873,0.972094648
1874,0.972073599
1875,0.972053885
1876,0.972035434
1877,0.972018171
1878,0.972002023
1879,0.971986918
1880,0.97197278
1881,0.971959538
1882,0.971947117
1883,0.971935445
1884,0.971924447
1885,0.971914051
1886,0.971904183
1887,0.971894769
1888,0.971885736
1889,0.971877011
1890,0.97186852
1891,0.971860189
1892,0.971851947
1893,0.971843718
1894,0.971835429
1895,0.971827008
1896,0.97181838
1897,0.971809473
1898,0.971800212
1899,0.971790524
1900,0.971780337
1901,0.971769586
1902,0.971758252
1903,0.971746323
1904,0.971733791
1905,0.971720645
1906,0.971706875
1907,0.97169247
1908,0.971677421
1909,0.971661718
1910,0.97164535
1911,0.971628308
1912,0.97161058
1913,0.971592158
1914,0.97157303
1915,0.971553188
1916,0.97153262
1917,0.971511317
1918,0.971489268
1919,0.971466463
1920,0.971442893
1921,0.971418547
1922,0.971393414
1923,0.971367485
1924,0.97134075
1925,0.971313199
1926,0.97128482
1927,0.971255605
1928,0.971225543
1929,0.971194623
1930,0.971162836
1931,0.971130172
1932,0.97109662
1933,0.971062169
1934,0.971026811
1935,0.970990535
1936,0.97095333
1937,0.970915186
1938,0.970876094
1939,0.970836042
1940,0.970795022
1941,0.970753021
1942,0.970710031
1943,0.970666041
1944,0.970621041
1945,0.97057502
1946,0.970527968
1947,0.970479876
1948,0.970430732
1949,0.970380527
1950,0.97032925
1951,0.970276883
1952,0.970223376
1953,0.970168672
1954,0.970112712
1955,0.970055439
1956,0.969996796
1957,0.969936723
1958,0.969875164
1959,0.969812061
1960,0.969747356
1961,0.96968099
1962,0.969612907
1963,0.969543049
1964,0.969471357
1965,0.969397774
1966,0.969322242
1967,0.969244703
1968,0.9691651
1969,0.969083374
1970,0.968999467
1971,0.968913322
1972,0.968824881
1973,0.968734087
1974,0.96864088
1975,0.968545203
1976,0.968446999
1977,0.96834621
1978,0.968242777
1979,0.968136642
1980,0.968027749
1981,0.967916038
1982,0.967801453
1983,0.967683934
1984,0.967563425
1985,0.967439867
1986,0.967313202
1987,0.967183373
1988,0.967050322
1989,0.96691399
1990,0.96677432
1991,0.966631253
1992,0.966484732
1993,0.9663347
1994,0.966181097
1995,0.966023867
1996,0.96586295
1997,0.96569829
1998,0.965529828
1999,0.965357507
2000,0.965181268
2001,0.965001088
2002,0.96481708
2003,0.964629392
2004,0.964438172
2005,0.964243566
2006,0.964045723
2007,0.963844791
2008,0.963640916
2009,0.963434248
2010,0.963224933
2011,0.96301312
2012,0.962798955
2013,0.962582588
2014,0.962364165
2015,0.962143835
2016,0.961921745
2017,0.961698044
2018,0.961472878
2019,0.961246397
2020,0.961018748
2021,0.960790078
2022,0.960560537
2023,0.960330271
2024,0.960099429
2025,0.959868159
2026,0.959636609
2027,0.959404927
2028,0.959173261
2029,0.958941759
2030,0.958710569
2031,0.958479839
2032,0.958249718
2033,0.958020353
2034,0.957791893
2035,0.957564486
2036,0.95733828
2037,0.957113423
2038,0.956890064
2039,0.95666835
2040,0.956448431
2041,0.956230454
2042,0.956014567
2043,0.955800919
2044,0.955589659
2045,0.955380934
2046,0.955174893
2047,0.954971685
2048,0.954771457
2049,0.954574358
2050,0.954380537
2051,0.9541901
2052,0.954002981
2053,0.953819073
2054,0.95363827
2055,0.953460464
2056,0.953285547
2057,0.953113412
2058,0.952943952
2059,0.95277706
2060,0.952612628
2061,0.952450549
2062,0.952290714
2063,0.952133018
2064,0.951977352
2065,0.951823609
2066,0.951671681
2067,0.951521461
2068,0.951372841
2069,0.951225714
2070,0.951079972
2071,0.950935508
2072,0.950792214
2073,0.950649982
2074,0.950508704
2075,0.950368274
2076,0.950228583
2077,0.950089524
2078,0.949950989
2079,0.94981287
2080,0.949675059
2081,0.94953745
2082,0.949399933
2083,0.949262401
2084,0.949124747
2085,0.948986862
2086,0.948848639
2087,0.948709969
2088,0.948570745
2089,0.948430859
2090,0.948290204
2091,0.94814867
2092,0.94800615
2093,0.947862536
2094,0.94771772
2095,0.947571595
2096,0.947424051
2097,0.947274981
2098,0.947124276
2099,0.946971829
2100,0.946817532
2101,0.946661348
2102,0.946503532
2103,0.946344412
2104,0.946184313
2105,0.946023565
2106,0.945862493
2107,0.945701426
2108,0.94554069
2109,0.945380615
2110,0.945221526
2111,0.945063753
2112,0.944907623
2113,0.944753464
2114,0.944601605
2115,0.944452373
2116,0.944306097
2117,0.944163105
2118,0.944023726
2119,0.943888288
2120,0.94375712
2121,0.943630551
2122,0.943508909
2123,0.943392523
2124,0.943281722
2125,0.943176834
2126,0.943078189
2127,0.942986115
2128,0.942900941
2129,0.942822997
2130,0.94275261
2131,0.942690111
2132,0.942635826
2133,0.942590086
2134,0.942553219
2135,0.942525554
2136,0.942507418
2137,0.942499141
2138,0.942501051
2139,0.942513475
2140,0.942536743
2141,0.942571181
2142,0.942617117
2143,0.94267488
2144,0.942744795
2145,0.942827191
2146,0.942922394
2147,0.94303073
2148,0.943152526
2149,0.943288108
2150,0.943437801
2151,0.943601788
2152,0.94377968
2153,0.943970944
2154,0.94417505
2155,0.944391465
2156,0.944619656
2157,0.944859092
2158,0.945109241
2159,0.94536957
2160,0.945639549
2161,0.945918644
2162,0.946206324
2163,0.946502058
2164,0.946805314
2165,0.947115561
2166,0.947432269
2167,0.947754905
2168,0.94808294
2169,0.948415844
2170,0.948753086
2171,0.949094136
2172,0.949438465
2173,0.949785544
2174,0.950134843
2175,0.950485835
2176,0.95083799
2177,0.951190781
2178,0.951543681
2179,0.95189616
2180,0.952247693
2181,0.952597753
2182,0.952945813
2183,0.953291347
2184,0.953633829
2185,0.953972734
2186,0.954307537
2187,0.954637712
2188,0.954962735
2189,0.955282082
2190,0.955595228
2191,0.955901649
2192,0.956200822
2193,0.956492224
2194,0.956775331
2195,0.95704962
2196,0.957314569
2197,0.957569654
2198,0.957814354
2199,0.958048145
2200,0.958270506
2201,0.958481038
2202,0.958679841
2203,0.958867137
2204,0.959043148
2205,0.959208098
2206,0.959362209
2207,0.959505702
2208,0.9596388
2209,0.959761724
2210,0.959874695
2211,0.959977936
2212,0.960071667
2213,0.960156109
2214,0.960231483
2215,0.96029801
2216,0.960355911
2217,0.960405405
2218,0.960446714
2219,0.960480058
2220,0.960505657
2221,0.960523731
2222,0.960534501
2223,0.960538185
2224,0.960535005
2225,0.96052518
2226,0.96050893
2227,0.960486474
2228,0.960458033
2229,0.960423826
2230,0.960384073
2231,0.960338992
2232,0.960288805
2233,0.960233731
2234,0.960173988
2235,0.960109797
2236,0.960041377
2237,0.959968948
2238,0.959892729
2239,0.95981294
2240,0.959729801
2241,0.95964353
2242,0.959554347
2243,0.959462473
2244,0.959368126
2245,0.959271527
2246,0.959172894
2247,0.959072447
2248,0.958970407
2249,0.958866992
2250,0.958762422
2251,0.958656877
2252,0.958550375
2253,0.958442893
2254,0.958334409
2255,0.9582249
2256,0.958114344
2257,0.958002718
2258,0.957889999
2259,0.957776166
2260,0.957661196
2261,0.957545066
2262,0.957427754
2263,0.957309236
2264,0.957189491
2265,0.957068495
2266,0.956946227
2267,0.956822663
2268,0.956697781
2269,0.956571558
2270,0.956443972
2271,0.956314999
2272,0.956184617
2273,0.956052802
2274,0.955919533
2275,0.955784787
2276,0.95564854
2277,0.955510769
2278,0.955371452
2279,0.955230566
2280,0.955088088
2281,0.954943994
2282,0.954798262
2283,0.954650868
2284,0.95450179
2285,0.954351004
2286,0.954198487
2287,0.954044216
2288,0.953888168
2289,0.953730318
2290,0.953570645
2291,0.953409123
2292,0.953245731
2293,0.953080444
2294,0.952913239
2295,0.952744092
2296,0.95257298
2297,0.952399878
2298,0.952224764
2299,0.952047612
2300,0.9518684
2301,0.951687127
2302,0.951503883
2303,0.951318785
2304,0.951131947
2305,0.950943484
2306,0.950753512
2307,0.950562145
2308,0.950369499
2309,0.950175689
2310,0.94998083
2311,0.949785038
2312,0.949588429
2313,0.949391117
2314,0.949193219
2315,0.94899485
2316,0.948796127
2317,0.948597164
2318,0.948398078
2319,0.948198986
2320,0.948000002
2321,0.947801244
2322,0.947602828
2323,0.947404869
2324,0.947207486
2325,0.947010793
2326,0.946814909
2327,0.946619949
2328,0.946426031
2329,0.946233272
2330,0.946041788
2331,0.945851696
2332,0.945663115
2333,0.94547616
2334,0.945290951
2335,0.945107603
2336,0.944926235
2337,0.944746964
2338,0.944569908
2339,0.944395184
2340,0.944222911
2341,0.944053206
2342,0.943886188
2343,0.943721974
2344,0.943560683
2345,0.943402432
2346,0.94324734
2347,0.943095525
2348,0.942947105
2349,0.942802199
2350,0.942660925
2351,0.942523369
2352,0.942389491
2353,0.942259216
2354,0.942132471
2355,0.942009183
2356,0.941889279
2357,0.941772683
2358,0.941659324
2359,0.941549126
2360,0.941442017
2361,0.941337922
2362,0.941236767
2363,0.941138479
2364,0.941042983
2365,0.940950206
2366,0.940860072
2367,0.940772509
2368,0.940687442
2369,0.940604797
2370,0.940524499
2371,0.940446474
2372,0.940370648
2373,0.940296947
2374,0.940225296
2375,0.940155621
2376,0.940087847
2377,0.9400219
2378,0.939957706
2379,0.93989519
2380,0.939834277
2381,0.939774893
2382,0.939716964
2383,0.939660415
2384,0.939605171
2385,0.939551157
2386,0.9394983
2387,0.939446525
2388,0.939395756
2389,0.939345919
2390,0.939296941
2391,0.939248745
2392,0.939201257
2393,0.939154403
2394,0.939108107
2395,0.939062296
2396,0.939016894
2397,0.938971827
2398,0.93892702
2399,0.938882398
2400,0.938837886
2401,0.938793429
2402,0.938749048
2403,0.938704782
2404,0.938660673
2405,0.93861676
2406,0.938573084
2407,0.938529684
2408,0.938486602
2409,0.938443876
2410,0.938401548
2411,0.938359658
2412,0.938318245
2413,0.93827735
2414,0.938237014
2415,0.938197277
2416,0.938158178
2417,0.938119758
2418,0.938082058
2419,0.938045117
2420,0.938008976
2421,0.937973676
2422,0.937939255
2423,0.937905756
2424,0.937873218
2425,0.937841681
2426,0.937811186
2427,0.937781773
2428,0.937753482
2429,0.937726354
2430,0.937700429
2431,0.937675747
2432,0.937652349
2433,0.937630275
2434,0.937609565
2435,0.93759026
2436,0.937572399
2437,0.937556024
2438,0.937541175
2439,0.937527892
2440,0.937516215
2441,0.937506185
2442,0.937497842
2443,0.937491227
2444,0.937486379
2445,0.93748334
2446,0.937482149
2447,0.937482846
2448,0.937485473
2449,0.93749007
2450,0.937496676
2451,0.937505319
2452,0.937515971
2453,0.937528591
2454,0.937543139
2455,0.937559573
2456,0.937577853
2457,0.937597937
2458,0.937619784
2459,0.937643353
2460,0.937668604
2461,0.937695496
2462,0.937723987
2463,0.937754036
2464,0.937785602
2465,0.937818645
2466,0.937853123
2467,0.937888996
2468,0.937926222
2469,0.93796476
2470,0.93800457
2471,0.938045609
2472,0.938087838
2473,0.938131215
2474,0.938175699
2475,0.93822125
2476,0.938267825
2477,0.938315385
2478,0.938363887
2479,0.938413292
2480,0.938463557
2481,0.938514643
2482,0.938566507
2483,0.938619109
2484,0.938672408
2485,0.938726363
2486,0.938780933
2487,0.938836077
2488,0.938891753
2489,0.938947921
2490,0.93900454
2491,0.939061569
2492,0.939118967
2493,0.939176692
2494,0.939234704
2495,0.939292961
2496,0.939351423
2497,0.939410049
2498,0.939468798
2499,0.939527629
2500,0.9395865
2501,
2502,
2503,
2504,
2505,
2506,
2507,
2508,
2509,
2510,
2511,
2512,
2513,
2514,
2515,
2516,
